{
    "fireducks": {
        "session_1": {
            "processing_time": 12.602954387664795
        },
        "session_2": {
            "processing_time": 10.986363649368286
        },
        "session_3": {
            "processing_time": 14.345389604568481
        }
    },
    "pandas": {
        "session_1": {
            "processing_time": 24.698041439056396
        },
        "session_2": {
            "processing_time": 23.942873239517212
        },
        "session_3": {
            "processing_time": 22.344313859939575
        }
    }
}