{
    "fireducks": {
        "session_1": {
            "processing_time": 8.940834522247314
        }
    },
    "pandas": {
        "session_1": {
            "processing_time": 21.414035081863403
        }
    },
    "polars": {
        "session_1": {
            "processing_time": 49.05445981025696
        }
    }
}